DISTRITO;NOMBRE_DISTRITO;BARRIO;NOMBRE_BARRIO;CODIGO_TITULO;NIVEL_ESTUDIOS;TOTALES;
1;DEUSTU;101;SAN IGNACIO;0;NO APLICABLE (MENOR 10 A헲S);1829;
1;DEUSTU;101;SAN IGNACIO;11;NO SABE LEER NI ESCRIBIR;41;
1;DEUSTU;101;SAN IGNACIO;20;INFERIOR A GRAD. ESCOLAR;4;
1;DEUSTU;101;SAN IGNACIO;21;SIN ESTUDIOS;446;
1;DEUSTU;101;SAN IGNACIO;22;EPO/EGB INCOMPL.,CDO.ESCOLARIDAD;246;
1;DEUSTU;101;SAN IGNACIO;30;GRADUADO ESCOLAR O EQUIVALENTE;37;
1;DEUSTU;101;SAN IGNACIO;31;B.ELEM.,GRAD.ESC.,EGB,ESO;4641;
1;DEUSTU;101;SAN IGNACIO;32;FP 1 O MEDIO,OFIC.INDUSTRIAL;778;
1;DEUSTU;101;SAN IGNACIO;40;BACH.,FP 2,EQUIV.,SUPERIORES;26;
1;DEUSTU;101;SAN IGNACIO;41;FP 2 O SUPER.,MAESTRIA INDUSTRIAL;805;
1;DEUSTU;101;SAN IGNACIO;42;BACH. SUP.,BUP,LOGSE,COU;1526;
1;DEUSTU;101;SAN IGNACIO;43;OTROS TITULOS MEDIOS;99;
1;DEUSTU;101;SAN IGNACIO;44;DIPLOMADO ESCUELAS UNIVERSITARIAS;667;
1;DEUSTU;101;SAN IGNACIO;45;ARQUITECTO O INGENIERO TECNICO;175;
1;DEUSTU;101;SAN IGNACIO;46;LICEN.UNIV.,ARQUIT.O ING.SUPER;1114;
1;DEUSTU;101;SAN IGNACIO;47;EST.SUPER.NO UNIVERSITARIOS;41;
1;DEUSTU;101;SAN IGNACIO;48;DOCTORADO,POSTGRADO,ESPECIALIZACION;122;
1;DEUSTU;101;SAN IGNACIO;99;DESCONOCIDO;39;
1;DEUSTU;102;ELORRIETA;0;NO APLICABLE (MENOR 10 A헲S);275;
1;DEUSTU;102;ELORRIETA;11;NO SABE LEER NI ESCRIBIR;1;
1;DEUSTU;102;ELORRIETA;20;INFERIOR A GRAD. ESCOLAR;1;
1;DEUSTU;102;ELORRIETA;21;SIN ESTUDIOS;32;
1;DEUSTU;102;ELORRIETA;22;EPO/EGB INCOMPL.,CDO.ESCOLARIDAD;15;
1;DEUSTU;102;ELORRIETA;30;GRADUADO ESCOLAR O EQUIVALENTE;4;
1;DEUSTU;102;ELORRIETA;31;B.ELEM.,GRAD.ESC.,EGB,ESO;355;
1;DEUSTU;102;ELORRIETA;32;FP 1 O MEDIO,OFIC.INDUSTRIAL;78;
1;DEUSTU;102;ELORRIETA;40;BACH.,FP 2,EQUIV.,SUPERIORES;1;
1;DEUSTU;102;ELORRIETA;41;FP 2 O SUPER.,MAESTRIA INDUSTRIAL;92;
1;DEUSTU;102;ELORRIETA;42;BACH. SUP.,BUP,LOGSE,COU;162;
1;DEUSTU;102;ELORRIETA;43;OTROS TITULOS MEDIOS;11;
1;DEUSTU;102;ELORRIETA;44;DIPLOMADO ESCUELAS UNIVERSITARIAS;92;
1;DEUSTU;102;ELORRIETA;45;ARQUITECTO O INGENIERO TECNICO;11;
1;DEUSTU;102;ELORRIETA;46;LICEN.UNIV.,ARQUIT.O ING.SUPER;144;
1;DEUSTU;102;ELORRIETA;47;EST.SUPER.NO UNIVERSITARIOS;2;
1;DEUSTU;102;ELORRIETA;48;DOCTORADO,POSTGRADO,ESPECIALIZACION;16;
1;DEUSTU;102;ELORRIETA;99;DESCONOCIDO;4;
1;DEUSTU;103;IBARREKOLANDA;0;NO APLICABLE (MENOR 10 A헲S);1090;
1;DEUSTU;103;IBARREKOLANDA;11;NO SABE LEER NI ESCRIBIR;19;
1;DEUSTU;103;IBARREKOLANDA;20;INFERIOR A GRAD. ESCOLAR;3;
1;DEUSTU;103;IBARREKOLANDA;21;SIN ESTUDIOS;357;
1;DEUSTU;103;IBARREKOLANDA;22;EPO/EGB INCOMPL.,CDO.ESCOLARIDAD;198;
1;DEUSTU;103;IBARREKOLANDA;30;GRADUADO ESCOLAR O EQUIVALENTE;20;
1;DEUSTU;103;IBARREKOLANDA;31;B.ELEM.,GRAD.ESC.,EGB,ESO;3658;
1;DEUSTU;103;IBARREKOLANDA;32;FP 1 O MEDIO,OFIC.INDUSTRIAL;631;
1;DEUSTU;103;IBARREKOLANDA;40;BACH.,FP 2,EQUIV.,SUPERIORES;22;
1;DEUSTU;103;IBARREKOLANDA;41;FP 2 O SUPER.,MAESTRIA INDUSTRIAL;580;
1;DEUSTU;103;IBARREKOLANDA;42;BACH. SUP.,BUP,LOGSE,COU;1419;
1;DEUSTU;103;IBARREKOLANDA;43;OTROS TITULOS MEDIOS;96;
1;DEUSTU;103;IBARREKOLANDA;44;DIPLOMADO ESCUELAS UNIVERSITARIAS;644;
1;DEUSTU;103;IBARREKOLANDA;45;ARQUITECTO O INGENIERO TECNICO;177;
1;DEUSTU;103;IBARREKOLANDA;46;LICEN.UNIV.,ARQUIT.O ING.SUPER;1227;
1;DEUSTU;103;IBARREKOLANDA;47;EST.SUPER.NO UNIVERSITARIOS;48;
1;DEUSTU;103;IBARREKOLANDA;48;DOCTORADO,POSTGRADO,ESPECIALIZACION;149;
1;DEUSTU;103;IBARREKOLANDA;99;DESCONOCIDO;25;
1;DEUSTU;104;SAN PEDRO DE DEUSTU;0;NO APLICABLE (MENOR 10 A헲S);2524;
1;DEUSTU;104;SAN PEDRO DE DEUSTU;11;NO SABE LEER NI ESCRIBIR;34;
1;DEUSTU;104;SAN PEDRO DE DEUSTU;20;INFERIOR A GRAD. ESCOLAR;12;
1;DEUSTU;104;SAN PEDRO DE DEUSTU;21;SIN ESTUDIOS;474;
1;DEUSTU;104;SAN PEDRO DE DEUSTU;22;EPO/EGB INCOMPL.,CDO.ESCOLARIDAD;358;
1;DEUSTU;104;SAN PEDRO DE DEUSTU;30;GRADUADO ESCOLAR O EQUIVALENTE;49;
1;DEUSTU;104;SAN PEDRO DE DEUSTU;31;B.ELEM.,GRAD.ESC.,EGB,ESO;5960;
1;DEUSTU;104;SAN PEDRO DE DEUSTU;32;FP 1 O MEDIO,OFIC.INDUSTRIAL;956;
1;DEUSTU;104;SAN PEDRO DE DEUSTU;40;BACH.,FP 2,EQUIV.,SUPERIORES;44;
1;DEUSTU;104;SAN PEDRO DE DEUSTU;41;FP 2 O SUPER.,MAESTRIA INDUSTRIAL;974;
1;DEUSTU;104;SAN PEDRO DE DEUSTU;42;BACH. SUP.,BUP,LOGSE,COU;2964;
1;DEUSTU;104;SAN PEDRO DE DEUSTU;43;OTROS TITULOS MEDIOS;273;
1;DEUSTU;104;SAN PEDRO DE DEUSTU;44;DIPLOMADO ESCUELAS UNIVERSITARIAS;1621;
1;DEUSTU;104;SAN PEDRO DE DEUSTU;45;ARQUITECTO O INGENIERO TECNICO;421;
1;DEUSTU;104;SAN PEDRO DE DEUSTU;46;LICEN.UNIV.,ARQUIT.O ING.SUPER;3300;
1;DEUSTU;104;SAN PEDRO DE DEUSTU;47;EST.SUPER.NO UNIVERSITARIOS;188;
1;DEUSTU;104;SAN PEDRO DE DEUSTU;48;DOCTORADO,POSTGRADO,ESPECIALIZACION;414;
1;DEUSTU;104;SAN PEDRO DE DEUSTU;99;DESCONOCIDO;82;
1;DEUSTU;105;LA RIBERA;0;NO APLICABLE (MENOR 10 A헲S);63;
1;DEUSTU;105;LA RIBERA;11;NO SABE LEER NI ESCRIBIR;4;
1;DEUSTU;105;LA RIBERA;21;SIN ESTUDIOS;30;
1;DEUSTU;105;LA RIBERA;22;EPO/EGB INCOMPL.,CDO.ESCOLARIDAD;4;
1;DEUSTU;105;LA RIBERA;30;GRADUADO ESCOLAR O EQUIVALENTE;2;
1;DEUSTU;105;LA RIBERA;31;B.ELEM.,GRAD.ESC.,EGB,ESO;123;
1;DEUSTU;105;LA RIBERA;32;FP 1 O MEDIO,OFIC.INDUSTRIAL;28;
1;DEUSTU;105;LA RIBERA;40;BACH.,FP 2,EQUIV.,SUPERIORES;3;
1;DEUSTU;105;LA RIBERA;41;FP 2 O SUPER.,MAESTRIA INDUSTRIAL;37;
1;DEUSTU;105;LA RIBERA;42;BACH. SUP.,BUP,LOGSE,COU;51;
1;DEUSTU;105;LA RIBERA;43;OTROS TITULOS MEDIOS;4;
1;DEUSTU;105;LA RIBERA;44;DIPLOMADO ESCUELAS UNIVERSITARIAS;21;
1;DEUSTU;105;LA RIBERA;45;ARQUITECTO O INGENIERO TECNICO;3;
1;DEUSTU;105;LA RIBERA;46;LICEN.UNIV.,ARQUIT.O ING.SUPER;39;
1;DEUSTU;105;LA RIBERA;47;EST.SUPER.NO UNIVERSITARIOS;7;
1;DEUSTU;105;LA RIBERA;48;DOCTORADO,POSTGRADO,ESPECIALIZACION;6;
1;DEUSTU;105;LA RIBERA;99;DESCONOCIDO;1;
1;DEUSTU;106;ARANGOITI;0;NO APLICABLE (MENOR 10 A헲S);592;
1;DEUSTU;106;ARANGOITI;11;NO SABE LEER NI ESCRIBIR;36;
1;DEUSTU;106;ARANGOITI;20;INFERIOR A GRAD. ESCOLAR;3;
1;DEUSTU;106;ARANGOITI;21;SIN ESTUDIOS;246;
1;DEUSTU;106;ARANGOITI;22;EPO/EGB INCOMPL.,CDO.ESCOLARIDAD;136;
1;DEUSTU;106;ARANGOITI;30;GRADUADO ESCOLAR O EQUIVALENTE;13;
1;DEUSTU;106;ARANGOITI;31;B.ELEM.,GRAD.ESC.,EGB,ESO;1998;
1;DEUSTU;106;ARANGOITI;32;FP 1 O MEDIO,OFIC.INDUSTRIAL;276;
1;DEUSTU;106;ARANGOITI;40;BACH.,FP 2,EQUIV.,SUPERIORES;13;
1;DEUSTU;106;ARANGOITI;41;FP 2 O SUPER.,MAESTRIA INDUSTRIAL;230;
1;DEUSTU;106;ARANGOITI;42;BACH. SUP.,BUP,LOGSE,COU;423;
1;DEUSTU;106;ARANGOITI;43;OTROS TITULOS MEDIOS;14;
1;DEUSTU;106;ARANGOITI;44;DIPLOMADO ESCUELAS UNIVERSITARIAS;128;
1;DEUSTU;106;ARANGOITI;45;ARQUITECTO O INGENIERO TECNICO;24;
1;DEUSTU;106;ARANGOITI;46;LICEN.UNIV.,ARQUIT.O ING.SUPER;169;
1;DEUSTU;106;ARANGOITI;47;EST.SUPER.NO UNIVERSITARIOS;4;
1;DEUSTU;106;ARANGOITI;48;DOCTORADO,POSTGRADO,ESPECIALIZACION;27;
1;DEUSTU;106;ARANGOITI;99;DESCONOCIDO;20;
1;DEUSTU;107;DISEMINADO;0;NO APLICABLE (MENOR 10 A헲S);14;
1;DEUSTU;107;DISEMINADO;20;INFERIOR A GRAD. ESCOLAR;1;
1;DEUSTU;107;DISEMINADO;21;SIN ESTUDIOS;3;
1;DEUSTU;107;DISEMINADO;22;EPO/EGB INCOMPL.,CDO.ESCOLARIDAD;2;
1;DEUSTU;107;DISEMINADO;31;B.ELEM.,GRAD.ESC.,EGB,ESO;37;
1;DEUSTU;107;DISEMINADO;32;FP 1 O MEDIO,OFIC.INDUSTRIAL;6;
1;DEUSTU;107;DISEMINADO;41;FP 2 O SUPER.,MAESTRIA INDUSTRIAL;3;
1;DEUSTU;107;DISEMINADO;42;BACH. SUP.,BUP,LOGSE,COU;6;
1;DEUSTU;107;DISEMINADO;44;DIPLOMADO ESCUELAS UNIVERSITARIAS;6;
1;DEUSTU;107;DISEMINADO;45;ARQUITECTO O INGENIERO TECNICO;2;
1;DEUSTU;107;DISEMINADO;46;LICEN.UNIV.,ARQUIT.O ING.SUPER;8;
1;DEUSTU;107;DISEMINADO;48;DOCTORADO,POSTGRADO,ESPECIALIZACION;2;
1;DEUSTU;107;DISEMINADO;99;DESCONOCIDO;3;
1;DEUSTU;402;SANTUTXU;46;LICEN.UNIV.,ARQUIT.O ING.SUPER;1;
2;URIBARRI;201;CASTA헲S;0;NO APLICABLE (MENOR 10 A헲S);707;
2;URIBARRI;201;CASTA헲S;11;NO SABE LEER NI ESCRIBIR;5;
2;URIBARRI;201;CASTA헲S;20;INFERIOR A GRAD. ESCOLAR;10;
2;URIBARRI;201;CASTA헲S;21;SIN ESTUDIOS;103;
2;URIBARRI;201;CASTA헲S;22;EPO/EGB INCOMPL.,CDO.ESCOLARIDAD;52;
2;URIBARRI;201;CASTA헲S;30;GRADUADO ESCOLAR O EQUIVALENTE;40;
2;URIBARRI;201;CASTA헲S;31;B.ELEM.,GRAD.ESC.,EGB,ESO;1418;
2;URIBARRI;201;CASTA헲S;32;FP 1 O MEDIO,OFIC.INDUSTRIAL;251;
2;URIBARRI;201;CASTA헲S;40;BACH.,FP 2,EQUIV.,SUPERIORES;13;
2;URIBARRI;201;CASTA헲S;41;FP 2 O SUPER.,MAESTRIA INDUSTRIAL;247;
2;URIBARRI;201;CASTA헲S;42;BACH. SUP.,BUP,LOGSE,COU;873;
2;URIBARRI;201;CASTA헲S;43;OTROS TITULOS MEDIOS;79;
2;URIBARRI;201;CASTA헲S;44;DIPLOMADO ESCUELAS UNIVERSITARIAS;523;
2;URIBARRI;201;CASTA헲S;45;ARQUITECTO O INGENIERO TECNICO;90;
2;URIBARRI;201;CASTA헲S;46;LICEN.UNIV.,ARQUIT.O ING.SUPER;1157;
2;URIBARRI;201;CASTA헲S;47;EST.SUPER.NO UNIVERSITARIOS;68;
2;URIBARRI;201;CASTA헲S;48;DOCTORADO,POSTGRADO,ESPECIALIZACION;135;
2;URIBARRI;201;CASTA헲S;99;DESCONOCIDO;8;
2;URIBARRI;202;MATIKO;0;NO APLICABLE (MENOR 10 A헲S);647;
2;URIBARRI;202;MATIKO;11;NO SABE LEER NI ESCRIBIR;17;
2;URIBARRI;202;MATIKO;20;INFERIOR A GRAD. ESCOLAR;17;
2;URIBARRI;202;MATIKO;21;SIN ESTUDIOS;190;
2;URIBARRI;202;MATIKO;22;EPO/EGB INCOMPL.,CDO.ESCOLARIDAD;65;
2;URIBARRI;202;MATIKO;30;GRADUADO ESCOLAR O EQUIVALENTE;41;
2;URIBARRI;202;MATIKO;31;B.ELEM.,GRAD.ESC.,EGB,ESO;1925;
2;URIBARRI;202;MATIKO;32;FP 1 O MEDIO,OFIC.INDUSTRIAL;307;
2;URIBARRI;202;MATIKO;40;BACH.,FP 2,EQUIV.,SUPERIORES;26;
2;URIBARRI;202;MATIKO;41;FP 2 O SUPER.,MAESTRIA INDUSTRIAL;314;
2;URIBARRI;202;MATIKO;42;BACH. SUP.,BUP,LOGSE,COU;679;
2;URIBARRI;202;MATIKO;43;OTROS TITULOS MEDIOS;62;
2;URIBARRI;202;MATIKO;44;DIPLOMADO ESCUELAS UNIVERSITARIAS;289;
2;URIBARRI;202;MATIKO;45;ARQUITECTO O INGENIERO TECNICO;64;
2;URIBARRI;202;MATIKO;46;LICEN.UNIV.,ARQUIT.O ING.SUPER;574;
2;URIBARRI;202;MATIKO;47;EST.SUPER.NO UNIVERSITARIOS;27;
2;URIBARRI;202;MATIKO;48;DOCTORADO,POSTGRADO,ESPECIALIZACION;73;
2;URIBARRI;202;MATIKO;99;DESCONOCIDO;7;
2;URIBARRI;203;CIUDAD JARDIN;0;NO APLICABLE (MENOR 10 A헲S);107;
2;URIBARRI;203;CIUDAD JARDIN;11;NO SABE LEER NI ESCRIBIR;1;
2;URIBARRI;203;CIUDAD JARDIN;21;SIN ESTUDIOS;27;
2;URIBARRI;203;CIUDAD JARDIN;22;EPO/EGB INCOMPL.,CDO.ESCOLARIDAD;5;
2;URIBARRI;203;CIUDAD JARDIN;30;GRADUADO ESCOLAR O EQUIVALENTE;6;
2;URIBARRI;203;CIUDAD JARDIN;31;B.ELEM.,GRAD.ESC.,EGB,ESO;205;
2;URIBARRI;203;CIUDAD JARDIN;32;FP 1 O MEDIO,OFIC.INDUSTRIAL;32;
2;URIBARRI;203;CIUDAD JARDIN;40;BACH.,FP 2,EQUIV.,SUPERIORES;5;
2;URIBARRI;203;CIUDAD JARDIN;41;FP 2 O SUPER.,MAESTRIA INDUSTRIAL;35;
2;URIBARRI;203;CIUDAD JARDIN;42;BACH. SUP.,BUP,LOGSE,COU;93;
2;URIBARRI;203;CIUDAD JARDIN;43;OTROS TITULOS MEDIOS;9;
2;URIBARRI;203;CIUDAD JARDIN;44;DIPLOMADO ESCUELAS UNIVERSITARIAS;32;
2;URIBARRI;203;CIUDAD JARDIN;45;ARQUITECTO O INGENIERO TECNICO;7;
2;URIBARRI;203;CIUDAD JARDIN;46;LICEN.UNIV.,ARQUIT.O ING.SUPER;88;
2;URIBARRI;203;CIUDAD JARDIN;47;EST.SUPER.NO UNIVERSITARIOS;5;
2;URIBARRI;203;CIUDAD JARDIN;48;DOCTORADO,POSTGRADO,ESPECIALIZACION;12;
2;URIBARRI;204;URIBARRI;0;NO APLICABLE (MENOR 10 A헲S);1597;
2;URIBARRI;204;URIBARRI;11;NO SABE LEER NI ESCRIBIR;57;
2;URIBARRI;204;URIBARRI;20;INFERIOR A GRAD. ESCOLAR;35;
2;URIBARRI;204;URIBARRI;21;SIN ESTUDIOS;751;
2;URIBARRI;204;URIBARRI;22;EPO/EGB INCOMPL.,CDO.ESCOLARIDAD;216;
2;URIBARRI;204;URIBARRI;30;GRADUADO ESCOLAR O EQUIVALENTE;97;
2;URIBARRI;204;URIBARRI;31;B.ELEM.,GRAD.ESC.,EGB,ESO;5409;
2;URIBARRI;204;URIBARRI;32;FP 1 O MEDIO,OFIC.INDUSTRIAL;810;
2;URIBARRI;204;URIBARRI;40;BACH.,FP 2,EQUIV.,SUPERIORES;61;
2;URIBARRI;204;URIBARRI;41;FP 2 O SUPER.,MAESTRIA INDUSTRIAL;696;
2;URIBARRI;204;URIBARRI;42;BACH. SUP.,BUP,LOGSE,COU;1420;
2;URIBARRI;204;URIBARRI;43;OTROS TITULOS MEDIOS;89;
2;URIBARRI;204;URIBARRI;44;DIPLOMADO ESCUELAS UNIVERSITARIAS;555;
2;URIBARRI;204;URIBARRI;45;ARQUITECTO O INGENIERO TECNICO;121;
2;URIBARRI;204;URIBARRI;46;LICEN.UNIV.,ARQUIT.O ING.SUPER;985;
2;URIBARRI;204;URIBARRI;47;EST.SUPER.NO UNIVERSITARIOS;35;
2;URIBARRI;204;URIBARRI;48;DOCTORADO,POSTGRADO,ESPECIALIZACION;93;
2;URIBARRI;204;URIBARRI;99;DESCONOCIDO;11;
2;URIBARRI;205;ZURBARAN;0;NO APLICABLE (MENOR 10 A헲S);1210;
2;URIBARRI;205;ZURBARAN;11;NO SABE LEER NI ESCRIBIR;34;
2;URIBARRI;205;ZURBARAN;20;INFERIOR A GRAD. ESCOLAR;19;
2;URIBARRI;205;ZURBARAN;21;SIN ESTUDIOS;596;
2;URIBARRI;205;ZURBARAN;22;EPO/EGB INCOMPL.,CDO.ESCOLARIDAD;140;
2;URIBARRI;205;ZURBARAN;30;GRADUADO ESCOLAR O EQUIVALENTE;42;
2;URIBARRI;205;ZURBARAN;31;B.ELEM.,GRAD.ESC.,EGB,ESO;3892;
2;URIBARRI;205;ZURBARAN;32;FP 1 O MEDIO,OFIC.INDUSTRIAL;623;
2;URIBARRI;205;ZURBARAN;40;BACH.,FP 2,EQUIV.,SUPERIORES;31;
2;URIBARRI;205;ZURBARAN;41;FP 2 O SUPER.,MAESTRIA INDUSTRIAL;511;
2;URIBARRI;205;ZURBARAN;42;BACH. SUP.,BUP,LOGSE,COU;1196;
2;URIBARRI;205;ZURBARAN;43;OTROS TITULOS MEDIOS;96;
2;URIBARRI;205;ZURBARAN;44;DIPLOMADO ESCUELAS UNIVERSITARIAS;510;
2;URIBARRI;205;ZURBARAN;45;ARQUITECTO O INGENIERO TECNICO;135;
2;URIBARRI;205;ZURBARAN;46;LICEN.UNIV.,ARQUIT.O ING.SUPER;830;
2;URIBARRI;205;ZURBARAN;47;EST.SUPER.NO UNIVERSITARIOS;42;
2;URIBARRI;205;ZURBARAN;48;DOCTORADO,POSTGRADO,ESPECIALIZACION;87;
2;URIBARRI;205;ZURBARAN;99;DESCONOCIDO;11;
2;URIBARRI;206;ARABELLA;0;NO APLICABLE (MENOR 10 A헲S);253;
2;URIBARRI;206;ARABELLA;11;NO SABE LEER NI ESCRIBIR;6;
2;URIBARRI;206;ARABELLA;20;INFERIOR A GRAD. ESCOLAR;3;
2;URIBARRI;206;ARABELLA;21;SIN ESTUDIOS;92;
2;URIBARRI;206;ARABELLA;22;EPO/EGB INCOMPL.,CDO.ESCOLARIDAD;35;
2;URIBARRI;206;ARABELLA;30;GRADUADO ESCOLAR O EQUIVALENTE;7;
2;URIBARRI;206;ARABELLA;31;B.ELEM.,GRAD.ESC.,EGB,ESO;660;
2;URIBARRI;206;ARABELLA;32;FP 1 O MEDIO,OFIC.INDUSTRIAL;116;
2;URIBARRI;206;ARABELLA;40;BACH.,FP 2,EQUIV.,SUPERIORES;6;
2;URIBARRI;206;ARABELLA;41;FP 2 O SUPER.,MAESTRIA INDUSTRIAL;92;
2;URIBARRI;206;ARABELLA;42;BACH. SUP.,BUP,LOGSE,COU;145;
2;URIBARRI;206;ARABELLA;43;OTROS TITULOS MEDIOS;12;
2;URIBARRI;206;ARABELLA;44;DIPLOMADO ESCUELAS UNIVERSITARIAS;47;
2;URIBARRI;206;ARABELLA;45;ARQUITECTO O INGENIERO TECNICO;12;
2;URIBARRI;206;ARABELLA;46;LICEN.UNIV.,ARQUIT.O ING.SUPER;64;
2;URIBARRI;206;ARABELLA;47;EST.SUPER.NO UNIVERSITARIOS;4;
2;URIBARRI;206;ARABELLA;48;DOCTORADO,POSTGRADO,ESPECIALIZACION;9;
2;URIBARRI;206;ARABELLA;99;DESCONOCIDO;2;
2;URIBARRI;207;DISEMINADO;0;NO APLICABLE (MENOR 10 A헲S);26;
2;URIBARRI;207;DISEMINADO;11;NO SABE LEER NI ESCRIBIR;6;
2;URIBARRI;207;DISEMINADO;20;INFERIOR A GRAD. ESCOLAR;2;
2;URIBARRI;207;DISEMINADO;21;SIN ESTUDIOS;27;
2;URIBARRI;207;DISEMINADO;22;EPO/EGB INCOMPL.,CDO.ESCOLARIDAD;14;
2;URIBARRI;207;DISEMINADO;30;GRADUADO ESCOLAR O EQUIVALENTE;6;
2;URIBARRI;207;DISEMINADO;31;B.ELEM.,GRAD.ESC.,EGB,ESO;142;
2;URIBARRI;207;DISEMINADO;32;FP 1 O MEDIO,OFIC.INDUSTRIAL;20;
2;URIBARRI;207;DISEMINADO;40;BACH.,FP 2,EQUIV.,SUPERIORES;1;
2;URIBARRI;207;DISEMINADO;41;FP 2 O SUPER.,MAESTRIA INDUSTRIAL;18;
2;URIBARRI;207;DISEMINADO;42;BACH. SUP.,BUP,LOGSE,COU;40;
2;URIBARRI;207;DISEMINADO;43;OTROS TITULOS MEDIOS;7;
2;URIBARRI;207;DISEMINADO;44;DIPLOMADO ESCUELAS UNIVERSITARIAS;24;
2;URIBARRI;207;DISEMINADO;45;ARQUITECTO O INGENIERO TECNICO;6;
2;URIBARRI;207;DISEMINADO;46;LICEN.UNIV.,ARQUIT.O ING.SUPER;34;
2;URIBARRI;207;DISEMINADO;47;EST.SUPER.NO UNIVERSITARIOS;2;
2;URIBARRI;207;DISEMINADO;48;DOCTORADO,POSTGRADO,ESPECIALIZACION;4;
2;URIBARRI;207;DISEMINADO;99;DESCONOCIDO;10;
2;URIBARRI;403;BOLUETA;42;BACH. SUP.,BUP,LOGSE,COU;1;
2;URIBARRI;507;SAN FRANCISCO;31;B.ELEM.,GRAD.ESC.,EGB,ESO;1;
3;OTXARKOAGA-TXURDINAGA;205;ZURBARAN;21;SIN ESTUDIOS;1;
3;OTXARKOAGA-TXURDINAGA;301;OTXARKOAGA;0;NO APLICABLE (MENOR 10 A헲S);1869;
3;OTXARKOAGA-TXURDINAGA;301;OTXARKOAGA;11;NO SABE LEER NI ESCRIBIR;220;
3;OTXARKOAGA-TXURDINAGA;301;OTXARKOAGA;20;INFERIOR A GRAD. ESCOLAR;35;
3;OTXARKOAGA-TXURDINAGA;301;OTXARKOAGA;21;SIN ESTUDIOS;1220;
3;OTXARKOAGA-TXURDINAGA;301;OTXARKOAGA;22;EPO/EGB INCOMPL.,CDO.ESCOLARIDAD;360;
3;OTXARKOAGA-TXURDINAGA;301;OTXARKOAGA;30;GRADUADO ESCOLAR O EQUIVALENTE;49;
3;OTXARKOAGA-TXURDINAGA;301;OTXARKOAGA;31;B.ELEM.,GRAD.ESC.,EGB,ESO;4631;
3;OTXARKOAGA-TXURDINAGA;301;OTXARKOAGA;32;FP 1 O MEDIO,OFIC.INDUSTRIAL;623;
3;OTXARKOAGA-TXURDINAGA;301;OTXARKOAGA;40;BACH.,FP 2,EQUIV.,SUPERIORES;23;
3;OTXARKOAGA-TXURDINAGA;301;OTXARKOAGA;41;FP 2 O SUPER.,MAESTRIA INDUSTRIAL;307;
3;OTXARKOAGA-TXURDINAGA;301;OTXARKOAGA;42;BACH. SUP.,BUP,LOGSE,COU;592;
3;OTXARKOAGA-TXURDINAGA;301;OTXARKOAGA;43;OTROS TITULOS MEDIOS;35;
3;OTXARKOAGA-TXURDINAGA;301;OTXARKOAGA;44;DIPLOMADO ESCUELAS UNIVERSITARIAS;122;
3;OTXARKOAGA-TXURDINAGA;301;OTXARKOAGA;45;ARQUITECTO O INGENIERO TECNICO;26;
3;OTXARKOAGA-TXURDINAGA;301;OTXARKOAGA;46;LICEN.UNIV.,ARQUIT.O ING.SUPER;172;
3;OTXARKOAGA-TXURDINAGA;301;OTXARKOAGA;47;EST.SUPER.NO UNIVERSITARIOS;12;
3;OTXARKOAGA-TXURDINAGA;301;OTXARKOAGA;48;DOCTORADO,POSTGRADO,ESPECIALIZACION;9;
3;OTXARKOAGA-TXURDINAGA;301;OTXARKOAGA;99;DESCONOCIDO;18;
3;OTXARKOAGA-TXURDINAGA;302;TXURDINAGA;0;NO APLICABLE (MENOR 10 A헲S);2362;
3;OTXARKOAGA-TXURDINAGA;302;TXURDINAGA;11;NO SABE LEER NI ESCRIBIR;102;
3;OTXARKOAGA-TXURDINAGA;302;TXURDINAGA;20;INFERIOR A GRAD. ESCOLAR;31;
3;OTXARKOAGA-TXURDINAGA;302;TXURDINAGA;21;SIN ESTUDIOS;746;
3;OTXARKOAGA-TXURDINAGA;302;TXURDINAGA;22;EPO/EGB INCOMPL.,CDO.ESCOLARIDAD;229;
3;OTXARKOAGA-TXURDINAGA;302;TXURDINAGA;30;GRADUADO ESCOLAR O EQUIVALENTE;38;
3;OTXARKOAGA-TXURDINAGA;302;TXURDINAGA;31;B.ELEM.,GRAD.ESC.,EGB,ESO;6153;
3;OTXARKOAGA-TXURDINAGA;302;TXURDINAGA;32;FP 1 O MEDIO,OFIC.INDUSTRIAL;1125;
3;OTXARKOAGA-TXURDINAGA;302;TXURDINAGA;40;BACH.,FP 2,EQUIV.,SUPERIORES;27;
3;OTXARKOAGA-TXURDINAGA;302;TXURDINAGA;41;FP 2 O SUPER.,MAESTRIA INDUSTRIAL;948;
3;OTXARKOAGA-TXURDINAGA;302;TXURDINAGA;42;BACH. SUP.,BUP,LOGSE,COU;2032;
3;OTXARKOAGA-TXURDINAGA;302;TXURDINAGA;43;OTROS TITULOS MEDIOS;138;
3;OTXARKOAGA-TXURDINAGA;302;TXURDINAGA;44;DIPLOMADO ESCUELAS UNIVERSITARIAS;821;
3;OTXARKOAGA-TXURDINAGA;302;TXURDINAGA;45;ARQUITECTO O INGENIERO TECNICO;184;
3;OTXARKOAGA-TXURDINAGA;302;TXURDINAGA;46;LICEN.UNIV.,ARQUIT.O ING.SUPER;1250;
3;OTXARKOAGA-TXURDINAGA;302;TXURDINAGA;47;EST.SUPER.NO UNIVERSITARIOS;65;
3;OTXARKOAGA-TXURDINAGA;302;TXURDINAGA;48;DOCTORADO,POSTGRADO,ESPECIALIZACION;155;
3;OTXARKOAGA-TXURDINAGA;302;TXURDINAGA;99;DESCONOCIDO;39;
3;OTXARKOAGA-TXURDINAGA;303;DISEMINADO;0;NO APLICABLE (MENOR 10 A헲S);6;
3;OTXARKOAGA-TXURDINAGA;303;DISEMINADO;11;NO SABE LEER NI ESCRIBIR;4;
3;OTXARKOAGA-TXURDINAGA;303;DISEMINADO;20;INFERIOR A GRAD. ESCOLAR;1;
3;OTXARKOAGA-TXURDINAGA;303;DISEMINADO;21;SIN ESTUDIOS;11;
3;OTXARKOAGA-TXURDINAGA;303;DISEMINADO;22;EPO/EGB INCOMPL.,CDO.ESCOLARIDAD;1;
3;OTXARKOAGA-TXURDINAGA;303;DISEMINADO;31;B.ELEM.,GRAD.ESC.,EGB,ESO;49;
3;OTXARKOAGA-TXURDINAGA;303;DISEMINADO;32;FP 1 O MEDIO,OFIC.INDUSTRIAL;5;
3;OTXARKOAGA-TXURDINAGA;303;DISEMINADO;41;FP 2 O SUPER.,MAESTRIA INDUSTRIAL;3;
3;OTXARKOAGA-TXURDINAGA;303;DISEMINADO;42;BACH. SUP.,BUP,LOGSE,COU;9;
3;OTXARKOAGA-TXURDINAGA;303;DISEMINADO;44;DIPLOMADO ESCUELAS UNIVERSITARIAS;4;
3;OTXARKOAGA-TXURDINAGA;303;DISEMINADO;46;LICEN.UNIV.,ARQUIT.O ING.SUPER;1;
3;OTXARKOAGA-TXURDINAGA;303;DISEMINADO;47;EST.SUPER.NO UNIVERSITARIOS;1;
3;OTXARKOAGA-TXURDINAGA;303;DISEMINADO;48;DOCTORADO,POSTGRADO,ESPECIALIZACION;2;
4;BEGO헤;204;URIBARRI;42;BACH. SUP.,BUP,LOGSE,COU;1;
4;BEGO헤;401;BEGO헤;0;NO APLICABLE (MENOR 10 A헲S);512;
4;BEGO헤;401;BEGO헤;11;NO SABE LEER NI ESCRIBIR;8;
4;BEGO헤;401;BEGO헤;20;INFERIOR A GRAD. ESCOLAR;5;
4;BEGO헤;401;BEGO헤;21;SIN ESTUDIOS;121;
4;BEGO헤;401;BEGO헤;22;EPO/EGB INCOMPL.,CDO.ESCOLARIDAD;36;
4;BEGO헤;401;BEGO헤;30;GRADUADO ESCOLAR O EQUIVALENTE;11;
4;BEGO헤;401;BEGO헤;31;B.ELEM.,GRAD.ESC.,EGB,ESO;1708;
4;BEGO헤;401;BEGO헤;32;FP 1 O MEDIO,OFIC.INDUSTRIAL;297;
4;BEGO헤;401;BEGO헤;40;BACH.,FP 2,EQUIV.,SUPERIORES;17;
4;BEGO헤;401;BEGO헤;41;FP 2 O SUPER.,MAESTRIA INDUSTRIAL;247;
4;BEGO헤;401;BEGO헤;42;BACH. SUP.,BUP,LOGSE,COU;676;
4;BEGO헤;401;BEGO헤;43;OTROS TITULOS MEDIOS;77;
4;BEGO헤;401;BEGO헤;44;DIPLOMADO ESCUELAS UNIVERSITARIAS;361;
4;BEGO헤;401;BEGO헤;45;ARQUITECTO O INGENIERO TECNICO;93;
4;BEGO헤;401;BEGO헤;46;LICEN.UNIV.,ARQUIT.O ING.SUPER;595;
4;BEGO헤;401;BEGO헤;47;EST.SUPER.NO UNIVERSITARIOS;49;
4;BEGO헤;401;BEGO헤;48;DOCTORADO,POSTGRADO,ESPECIALIZACION;74;
4;BEGO헤;401;BEGO헤;99;DESCONOCIDO;4;
4;BEGO헤;402;SANTUTXU;0;NO APLICABLE (MENOR 10 A헲S);3881;
4;BEGO헤;402;SANTUTXU;11;NO SABE LEER NI ESCRIBIR;112;
4;BEGO헤;402;SANTUTXU;20;INFERIOR A GRAD. ESCOLAR;61;
4;BEGO헤;402;SANTUTXU;21;SIN ESTUDIOS;1387;
4;BEGO헤;402;SANTUTXU;22;EPO/EGB INCOMPL.,CDO.ESCOLARIDAD;449;
4;BEGO헤;402;SANTUTXU;30;GRADUADO ESCOLAR O EQUIVALENTE;119;
4;BEGO헤;402;SANTUTXU;31;B.ELEM.,GRAD.ESC.,EGB,ESO;14301;
4;BEGO헤;402;SANTUTXU;32;FP 1 O MEDIO,OFIC.INDUSTRIAL;2128;
4;BEGO헤;402;SANTUTXU;40;BACH.,FP 2,EQUIV.,SUPERIORES;98;
4;BEGO헤;402;SANTUTXU;41;FP 2 O SUPER.,MAESTRIA INDUSTRIAL;1752;
4;BEGO헤;402;SANTUTXU;42;BACH. SUP.,BUP,LOGSE,COU;3529;
4;BEGO헤;402;SANTUTXU;43;OTROS TITULOS MEDIOS;264;
4;BEGO헤;402;SANTUTXU;44;DIPLOMADO ESCUELAS UNIVERSITARIAS;1371;
4;BEGO헤;402;SANTUTXU;45;ARQUITECTO O INGENIERO TECNICO;388;
4;BEGO헤;402;SANTUTXU;46;LICEN.UNIV.,ARQUIT.O ING.SUPER;2009;
4;BEGO헤;402;SANTUTXU;47;EST.SUPER.NO UNIVERSITARIOS;92;
4;BEGO헤;402;SANTUTXU;48;DOCTORADO,POSTGRADO,ESPECIALIZACION;198;
4;BEGO헤;402;SANTUTXU;99;DESCONOCIDO;32;
4;BEGO헤;403;BOLUETA;0;NO APLICABLE (MENOR 10 A헲S);597;
4;BEGO헤;403;BOLUETA;11;NO SABE LEER NI ESCRIBIR;19;
4;BEGO헤;403;BOLUETA;20;INFERIOR A GRAD. ESCOLAR;7;
4;BEGO헤;403;BOLUETA;21;SIN ESTUDIOS;208;
4;BEGO헤;403;BOLUETA;22;EPO/EGB INCOMPL.,CDO.ESCOLARIDAD;67;
4;BEGO헤;403;BOLUETA;30;GRADUADO ESCOLAR O EQUIVALENTE;21;
4;BEGO헤;403;BOLUETA;31;B.ELEM.,GRAD.ESC.,EGB,ESO;1982;
4;BEGO헤;403;BOLUETA;32;FP 1 O MEDIO,OFIC.INDUSTRIAL;319;
4;BEGO헤;403;BOLUETA;40;BACH.,FP 2,EQUIV.,SUPERIORES;13;
4;BEGO헤;403;BOLUETA;41;FP 2 O SUPER.,MAESTRIA INDUSTRIAL;226;
4;BEGO헤;403;BOLUETA;42;BACH. SUP.,BUP,LOGSE,COU;402;
4;BEGO헤;403;BOLUETA;43;OTROS TITULOS MEDIOS;24;
4;BEGO헤;403;BOLUETA;44;DIPLOMADO ESCUELAS UNIVERSITARIAS;111;
4;BEGO헤;403;BOLUETA;45;ARQUITECTO O INGENIERO TECNICO;23;
4;BEGO헤;403;BOLUETA;46;LICEN.UNIV.,ARQUIT.O ING.SUPER;183;
4;BEGO헤;403;BOLUETA;47;EST.SUPER.NO UNIVERSITARIOS;11;
4;BEGO헤;403;BOLUETA;48;DOCTORADO,POSTGRADO,ESPECIALIZACION;15;
4;BEGO헤;403;BOLUETA;99;DESCONOCIDO;3;
4;BEGO헤;501;CASCO VIEJO;46;LICEN.UNIV.,ARQUIT.O ING.SUPER;1;
5;IBAIONDO;201;CASTA헲S;46;LICEN.UNIV.,ARQUIT.O ING.SUPER;1;
5;IBAIONDO;501;CASCO VIEJO;0;NO APLICABLE (MENOR 10 A헲S);1122;
5;IBAIONDO;501;CASCO VIEJO;11;NO SABE LEER NI ESCRIBIR;27;
5;IBAIONDO;501;CASCO VIEJO;20;INFERIOR A GRAD. ESCOLAR;11;
5;IBAIONDO;501;CASCO VIEJO;21;SIN ESTUDIOS;144;
5;IBAIONDO;501;CASCO VIEJO;22;EPO/EGB INCOMPL.,CDO.ESCOLARIDAD;90;
5;IBAIONDO;501;CASCO VIEJO;30;GRADUADO ESCOLAR O EQUIVALENTE;60;
5;IBAIONDO;501;CASCO VIEJO;31;B.ELEM.,GRAD.ESC.,EGB,ESO;1785;
5;IBAIONDO;501;CASCO VIEJO;32;FP 1 O MEDIO,OFIC.INDUSTRIAL;280;
5;IBAIONDO;501;CASCO VIEJO;40;BACH.,FP 2,EQUIV.,SUPERIORES;58;
5;IBAIONDO;501;CASCO VIEJO;41;FP 2 O SUPER.,MAESTRIA INDUSTRIAL;336;
5;IBAIONDO;501;CASCO VIEJO;42;BACH. SUP.,BUP,LOGSE,COU;1034;
5;IBAIONDO;501;CASCO VIEJO;43;OTROS TITULOS MEDIOS;60;
5;IBAIONDO;501;CASCO VIEJO;44;DIPLOMADO ESCUELAS UNIVERSITARIAS;607;
5;IBAIONDO;501;CASCO VIEJO;45;ARQUITECTO O INGENIERO TECNICO;92;
5;IBAIONDO;501;CASCO VIEJO;46;LICEN.UNIV.,ARQUIT.O ING.SUPER;1577;
5;IBAIONDO;501;CASCO VIEJO;47;EST.SUPER.NO UNIVERSITARIOS;134;
5;IBAIONDO;501;CASCO VIEJO;48;DOCTORADO,POSTGRADO,ESPECIALIZACION;254;
5;IBAIONDO;501;CASCO VIEJO;99;DESCONOCIDO;9;
5;IBAIONDO;502;ITURRALDE;0;NO APLICABLE (MENOR 10 A헲S);839;
5;IBAIONDO;502;ITURRALDE;11;NO SABE LEER NI ESCRIBIR;23;
5;IBAIONDO;502;ITURRALDE;20;INFERIOR A GRAD. ESCOLAR;15;
5;IBAIONDO;502;ITURRALDE;21;SIN ESTUDIOS;222;
5;IBAIONDO;502;ITURRALDE;22;EPO/EGB INCOMPL.,CDO.ESCOLARIDAD;73;
5;IBAIONDO;502;ITURRALDE;30;GRADUADO ESCOLAR O EQUIVALENTE;44;
5;IBAIONDO;502;ITURRALDE;31;B.ELEM.,GRAD.ESC.,EGB,ESO;1982;
5;IBAIONDO;502;ITURRALDE;32;FP 1 O MEDIO,OFIC.INDUSTRIAL;298;
5;IBAIONDO;502;ITURRALDE;40;BACH.,FP 2,EQUIV.,SUPERIORES;40;
5;IBAIONDO;502;ITURRALDE;41;FP 2 O SUPER.,MAESTRIA INDUSTRIAL;328;
5;IBAIONDO;502;ITURRALDE;42;BACH. SUP.,BUP,LOGSE,COU;743;
5;IBAIONDO;502;ITURRALDE;43;OTROS TITULOS MEDIOS;60;
5;IBAIONDO;502;ITURRALDE;44;DIPLOMADO ESCUELAS UNIVERSITARIAS;383;
5;IBAIONDO;502;ITURRALDE;45;ARQUITECTO O INGENIERO TECNICO;73;
5;IBAIONDO;502;ITURRALDE;46;LICEN.UNIV.,ARQUIT.O ING.SUPER;709;
5;IBAIONDO;502;ITURRALDE;47;EST.SUPER.NO UNIVERSITARIOS;32;
5;IBAIONDO;502;ITURRALDE;48;DOCTORADO,POSTGRADO,ESPECIALIZACION;101;
5;IBAIONDO;502;ITURRALDE;99;DESCONOCIDO;13;
5;IBAIONDO;503;SOLOKOETXE;0;NO APLICABLE (MENOR 10 A헲S);731;
5;IBAIONDO;503;SOLOKOETXE;11;NO SABE LEER NI ESCRIBIR;15;
5;IBAIONDO;503;SOLOKOETXE;20;INFERIOR A GRAD. ESCOLAR;21;
5;IBAIONDO;503;SOLOKOETXE;21;SIN ESTUDIOS;142;
5;IBAIONDO;503;SOLOKOETXE;22;EPO/EGB INCOMPL.,CDO.ESCOLARIDAD;92;
5;IBAIONDO;503;SOLOKOETXE;30;GRADUADO ESCOLAR O EQUIVALENTE;43;
5;IBAIONDO;503;SOLOKOETXE;31;B.ELEM.,GRAD.ESC.,EGB,ESO;2010;
5;IBAIONDO;503;SOLOKOETXE;32;FP 1 O MEDIO,OFIC.INDUSTRIAL;323;
5;IBAIONDO;503;SOLOKOETXE;40;BACH.,FP 2,EQUIV.,SUPERIORES;47;
5;IBAIONDO;503;SOLOKOETXE;41;FP 2 O SUPER.,MAESTRIA INDUSTRIAL;327;
5;IBAIONDO;503;SOLOKOETXE;42;BACH. SUP.,BUP,LOGSE,COU;650;
5;IBAIONDO;503;SOLOKOETXE;43;OTROS TITULOS MEDIOS;72;
5;IBAIONDO;503;SOLOKOETXE;44;DIPLOMADO ESCUELAS UNIVERSITARIAS;350;
5;IBAIONDO;503;SOLOKOETXE;45;ARQUITECTO O INGENIERO TECNICO;85;
5;IBAIONDO;503;SOLOKOETXE;46;LICEN.UNIV.,ARQUIT.O ING.SUPER;571;
5;IBAIONDO;503;SOLOKOETXE;47;EST.SUPER.NO UNIVERSITARIOS;43;
5;IBAIONDO;503;SOLOKOETXE;48;DOCTORADO,POSTGRADO,ESPECIALIZACION;77;
5;IBAIONDO;503;SOLOKOETXE;99;DESCONOCIDO;18;
5;IBAIONDO;504;ATXURI;0;NO APLICABLE (MENOR 10 A헲S);841;
5;IBAIONDO;504;ATXURI;11;NO SABE LEER NI ESCRIBIR;30;
5;IBAIONDO;504;ATXURI;20;INFERIOR A GRAD. ESCOLAR;18;
5;IBAIONDO;504;ATXURI;21;SIN ESTUDIOS;226;
5;IBAIONDO;504;ATXURI;22;EPO/EGB INCOMPL.,CDO.ESCOLARIDAD;95;
5;IBAIONDO;504;ATXURI;30;GRADUADO ESCOLAR O EQUIVALENTE;46;
5;IBAIONDO;504;ATXURI;31;B.ELEM.,GRAD.ESC.,EGB,ESO;2166;
5;IBAIONDO;504;ATXURI;32;FP 1 O MEDIO,OFIC.INDUSTRIAL;341;
5;IBAIONDO;504;ATXURI;40;BACH.,FP 2,EQUIV.,SUPERIORES;42;
5;IBAIONDO;504;ATXURI;41;FP 2 O SUPER.,MAESTRIA INDUSTRIAL;281;
5;IBAIONDO;504;ATXURI;42;BACH. SUP.,BUP,LOGSE,COU;620;
5;IBAIONDO;504;ATXURI;43;OTROS TITULOS MEDIOS;47;
5;IBAIONDO;504;ATXURI;44;DIPLOMADO ESCUELAS UNIVERSITARIAS;258;
5;IBAIONDO;504;ATXURI;45;ARQUITECTO O INGENIERO TECNICO;48;
5;IBAIONDO;504;ATXURI;46;LICEN.UNIV.,ARQUIT.O ING.SUPER;458;
5;IBAIONDO;504;ATXURI;47;EST.SUPER.NO UNIVERSITARIOS;32;
5;IBAIONDO;504;ATXURI;48;DOCTORADO,POSTGRADO,ESPECIALIZACION;76;
5;IBAIONDO;504;ATXURI;99;DESCONOCIDO;9;
5;IBAIONDO;505;LA PE헤;0;NO APLICABLE (MENOR 10 A헲S);1216;
5;IBAIONDO;505;LA PE헤;11;NO SABE LEER NI ESCRIBIR;59;
5;IBAIONDO;505;LA PE헤;20;INFERIOR A GRAD. ESCOLAR;23;
5;IBAIONDO;505;LA PE헤;21;SIN ESTUDIOS;239;
5;IBAIONDO;505;LA PE헤;22;EPO/EGB INCOMPL.,CDO.ESCOLARIDAD;143;
5;IBAIONDO;505;LA PE헤;30;GRADUADO ESCOLAR O EQUIVALENTE;54;
5;IBAIONDO;505;LA PE헤;31;B.ELEM.,GRAD.ESC.,EGB,ESO;3503;
5;IBAIONDO;505;LA PE헤;32;FP 1 O MEDIO,OFIC.INDUSTRIAL;546;
5;IBAIONDO;505;LA PE헤;40;BACH.,FP 2,EQUIV.,SUPERIORES;46;
5;IBAIONDO;505;LA PE헤;41;FP 2 O SUPER.,MAESTRIA INDUSTRIAL;389;
5;IBAIONDO;505;LA PE헤;42;BACH. SUP.,BUP,LOGSE,COU;719;
5;IBAIONDO;505;LA PE헤;43;OTROS TITULOS MEDIOS;47;
5;IBAIONDO;505;LA PE헤;44;DIPLOMADO ESCUELAS UNIVERSITARIAS;189;
5;IBAIONDO;505;LA PE헤;45;ARQUITECTO O INGENIERO TECNICO;41;
5;IBAIONDO;505;LA PE헤;46;LICEN.UNIV.,ARQUIT.O ING.SUPER;305;
5;IBAIONDO;505;LA PE헤;47;EST.SUPER.NO UNIVERSITARIOS;11;
5;IBAIONDO;505;LA PE헤;48;DOCTORADO,POSTGRADO,ESPECIALIZACION;33;
5;IBAIONDO;505;LA PE헤;99;DESCONOCIDO;17;
5;IBAIONDO;506;BILBAO LA VIEJA;0;NO APLICABLE (MENOR 10 A헲S);704;
5;IBAIONDO;506;BILBAO LA VIEJA;11;NO SABE LEER NI ESCRIBIR;48;
5;IBAIONDO;506;BILBAO LA VIEJA;20;INFERIOR A GRAD. ESCOLAR;19;
5;IBAIONDO;506;BILBAO LA VIEJA;21;SIN ESTUDIOS;214;
5;IBAIONDO;506;BILBAO LA VIEJA;22;EPO/EGB INCOMPL.,CDO.ESCOLARIDAD;101;
5;IBAIONDO;506;BILBAO LA VIEJA;30;GRADUADO ESCOLAR O EQUIVALENTE;54;
5;IBAIONDO;506;BILBAO LA VIEJA;31;B.ELEM.,GRAD.ESC.,EGB,ESO;1392;
5;IBAIONDO;506;BILBAO LA VIEJA;32;FP 1 O MEDIO,OFIC.INDUSTRIAL;231;
5;IBAIONDO;506;BILBAO LA VIEJA;40;BACH.,FP 2,EQUIV.,SUPERIORES;51;
5;IBAIONDO;506;BILBAO LA VIEJA;41;FP 2 O SUPER.,MAESTRIA INDUSTRIAL;206;
5;IBAIONDO;506;BILBAO LA VIEJA;42;BACH. SUP.,BUP,LOGSE,COU;414;
5;IBAIONDO;506;BILBAO LA VIEJA;43;OTROS TITULOS MEDIOS;26;
5;IBAIONDO;506;BILBAO LA VIEJA;44;DIPLOMADO ESCUELAS UNIVERSITARIAS;165;
5;IBAIONDO;506;BILBAO LA VIEJA;45;ARQUITECTO O INGENIERO TECNICO;23;
5;IBAIONDO;506;BILBAO LA VIEJA;46;LICEN.UNIV.,ARQUIT.O ING.SUPER;333;
5;IBAIONDO;506;BILBAO LA VIEJA;47;EST.SUPER.NO UNIVERSITARIOS;29;
5;IBAIONDO;506;BILBAO LA VIEJA;48;DOCTORADO,POSTGRADO,ESPECIALIZACION;42;
5;IBAIONDO;506;BILBAO LA VIEJA;99;DESCONOCIDO;14;
5;IBAIONDO;507;SAN FRANCISCO;0;NO APLICABLE (MENOR 10 A헲S);871;
5;IBAIONDO;507;SAN FRANCISCO;11;NO SABE LEER NI ESCRIBIR;123;
5;IBAIONDO;507;SAN FRANCISCO;20;INFERIOR A GRAD. ESCOLAR;62;
5;IBAIONDO;507;SAN FRANCISCO;21;SIN ESTUDIOS;479;
5;IBAIONDO;507;SAN FRANCISCO;22;EPO/EGB INCOMPL.,CDO.ESCOLARIDAD;219;
5;IBAIONDO;507;SAN FRANCISCO;30;GRADUADO ESCOLAR O EQUIVALENTE;121;
5;IBAIONDO;507;SAN FRANCISCO;31;B.ELEM.,GRAD.ESC.,EGB,ESO;2458;
5;IBAIONDO;507;SAN FRANCISCO;32;FP 1 O MEDIO,OFIC.INDUSTRIAL;268;
5;IBAIONDO;507;SAN FRANCISCO;40;BACH.,FP 2,EQUIV.,SUPERIORES;143;
5;IBAIONDO;507;SAN FRANCISCO;41;FP 2 O SUPER.,MAESTRIA INDUSTRIAL;234;
5;IBAIONDO;507;SAN FRANCISCO;42;BACH. SUP.,BUP,LOGSE,COU;687;
5;IBAIONDO;507;SAN FRANCISCO;43;OTROS TITULOS MEDIOS;42;
5;IBAIONDO;507;SAN FRANCISCO;44;DIPLOMADO ESCUELAS UNIVERSITARIAS;248;
5;IBAIONDO;507;SAN FRANCISCO;45;ARQUITECTO O INGENIERO TECNICO;53;
5;IBAIONDO;507;SAN FRANCISCO;46;LICEN.UNIV.,ARQUIT.O ING.SUPER;671;
5;IBAIONDO;507;SAN FRANCISCO;47;EST.SUPER.NO UNIVERSITARIOS;80;
5;IBAIONDO;507;SAN FRANCISCO;48;DOCTORADO,POSTGRADO,ESPECIALIZACION;108;
5;IBAIONDO;507;SAN FRANCISCO;99;DESCONOCIDO;28;
5;IBAIONDO;508;ZABALA;0;NO APLICABLE (MENOR 10 A헲S);772;
5;IBAIONDO;508;ZABALA;11;NO SABE LEER NI ESCRIBIR;42;
5;IBAIONDO;508;ZABALA;20;INFERIOR A GRAD. ESCOLAR;29;
5;IBAIONDO;508;ZABALA;21;SIN ESTUDIOS;255;
5;IBAIONDO;508;ZABALA;22;EPO/EGB INCOMPL.,CDO.ESCOLARIDAD;104;
5;IBAIONDO;508;ZABALA;30;GRADUADO ESCOLAR O EQUIVALENTE;63;
5;IBAIONDO;508;ZABALA;31;B.ELEM.,GRAD.ESC.,EGB,ESO;2043;
5;IBAIONDO;508;ZABALA;32;FP 1 O MEDIO,OFIC.INDUSTRIAL;251;
5;IBAIONDO;508;ZABALA;40;BACH.,FP 2,EQUIV.,SUPERIORES;60;
5;IBAIONDO;508;ZABALA;41;FP 2 O SUPER.,MAESTRIA INDUSTRIAL;239;
5;IBAIONDO;508;ZABALA;42;BACH. SUP.,BUP,LOGSE,COU;529;
5;IBAIONDO;508;ZABALA;43;OTROS TITULOS MEDIOS;40;
5;IBAIONDO;508;ZABALA;44;DIPLOMADO ESCUELAS UNIVERSITARIAS;198;
5;IBAIONDO;508;ZABALA;45;ARQUITECTO O INGENIERO TECNICO;42;
5;IBAIONDO;508;ZABALA;46;LICEN.UNIV.,ARQUIT.O ING.SUPER;343;
5;IBAIONDO;508;ZABALA;47;EST.SUPER.NO UNIVERSITARIOS;19;
5;IBAIONDO;508;ZABALA;48;DOCTORADO,POSTGRADO,ESPECIALIZACION;55;
5;IBAIONDO;508;ZABALA;99;DESCONOCIDO;20;
5;IBAIONDO;509;SAN ADRIAN;0;NO APLICABLE (MENOR 10 A헲S);871;
5;IBAIONDO;509;SAN ADRIAN;11;NO SABE LEER NI ESCRIBIR;22;
5;IBAIONDO;509;SAN ADRIAN;20;INFERIOR A GRAD. ESCOLAR;10;
5;IBAIONDO;509;SAN ADRIAN;21;SIN ESTUDIOS;249;
5;IBAIONDO;509;SAN ADRIAN;22;EPO/EGB INCOMPL.,CDO.ESCOLARIDAD;86;
5;IBAIONDO;509;SAN ADRIAN;30;GRADUADO ESCOLAR O EQUIVALENTE;21;
5;IBAIONDO;509;SAN ADRIAN;31;B.ELEM.,GRAD.ESC.,EGB,ESO;2312;
5;IBAIONDO;509;SAN ADRIAN;32;FP 1 O MEDIO,OFIC.INDUSTRIAL;372;
5;IBAIONDO;509;SAN ADRIAN;40;BACH.,FP 2,EQUIV.,SUPERIORES;23;
5;IBAIONDO;509;SAN ADRIAN;41;FP 2 O SUPER.,MAESTRIA INDUSTRIAL;284;
5;IBAIONDO;509;SAN ADRIAN;42;BACH. SUP.,BUP,LOGSE,COU;690;
5;IBAIONDO;509;SAN ADRIAN;43;OTROS TITULOS MEDIOS;40;
5;IBAIONDO;509;SAN ADRIAN;44;DIPLOMADO ESCUELAS UNIVERSITARIAS;267;
5;IBAIONDO;509;SAN ADRIAN;45;ARQUITECTO O INGENIERO TECNICO;43;
5;IBAIONDO;509;SAN ADRIAN;46;LICEN.UNIV.,ARQUIT.O ING.SUPER;401;
5;IBAIONDO;509;SAN ADRIAN;47;EST.SUPER.NO UNIVERSITARIOS;12;
5;IBAIONDO;509;SAN ADRIAN;48;DOCTORADO,POSTGRADO,ESPECIALIZACION;37;
5;IBAIONDO;509;SAN ADRIAN;99;DESCONOCIDO;9;
5;IBAIONDO;510;DISEMINADO;0;NO APLICABLE (MENOR 10 A헲S);45;
5;IBAIONDO;510;DISEMINADO;11;NO SABE LEER NI ESCRIBIR;12;
5;IBAIONDO;510;DISEMINADO;20;INFERIOR A GRAD. ESCOLAR;1;
5;IBAIONDO;510;DISEMINADO;21;SIN ESTUDIOS;17;
5;IBAIONDO;510;DISEMINADO;22;EPO/EGB INCOMPL.,CDO.ESCOLARIDAD;5;
5;IBAIONDO;510;DISEMINADO;30;GRADUADO ESCOLAR O EQUIVALENTE;4;
5;IBAIONDO;510;DISEMINADO;31;B.ELEM.,GRAD.ESC.,EGB,ESO;117;
5;IBAIONDO;510;DISEMINADO;32;FP 1 O MEDIO,OFIC.INDUSTRIAL;14;
5;IBAIONDO;510;DISEMINADO;40;BACH.,FP 2,EQUIV.,SUPERIORES;3;
5;IBAIONDO;510;DISEMINADO;41;FP 2 O SUPER.,MAESTRIA INDUSTRIAL;9;
5;IBAIONDO;510;DISEMINADO;42;BACH. SUP.,BUP,LOGSE,COU;18;
5;IBAIONDO;510;DISEMINADO;43;OTROS TITULOS MEDIOS;1;
5;IBAIONDO;510;DISEMINADO;44;DIPLOMADO ESCUELAS UNIVERSITARIAS;10;
5;IBAIONDO;510;DISEMINADO;45;ARQUITECTO O INGENIERO TECNICO;1;
5;IBAIONDO;510;DISEMINADO;46;LICEN.UNIV.,ARQUIT.O ING.SUPER;10;
5;IBAIONDO;510;DISEMINADO;47;EST.SUPER.NO UNIVERSITARIOS;1;
5;IBAIONDO;510;DISEMINADO;48;DOCTORADO,POSTGRADO,ESPECIALIZACION;1;
5;IBAIONDO;510;DISEMINADO;99;DESCONOCIDO;1;
5;IBAIONDO;511;MIRIBILLA;0;NO APLICABLE (MENOR 10 A헲S);2155;
5;IBAIONDO;511;MIRIBILLA;11;NO SABE LEER NI ESCRIBIR;17;
5;IBAIONDO;511;MIRIBILLA;20;INFERIOR A GRAD. ESCOLAR;4;
5;IBAIONDO;511;MIRIBILLA;21;SIN ESTUDIOS;98;
5;IBAIONDO;511;MIRIBILLA;22;EPO/EGB INCOMPL.,CDO.ESCOLARIDAD;71;
5;IBAIONDO;511;MIRIBILLA;30;GRADUADO ESCOLAR O EQUIVALENTE;20;
5;IBAIONDO;511;MIRIBILLA;31;B.ELEM.,GRAD.ESC.,EGB,ESO;1518;
5;IBAIONDO;511;MIRIBILLA;32;FP 1 O MEDIO,OFIC.INDUSTRIAL;394;
5;IBAIONDO;511;MIRIBILLA;40;BACH.,FP 2,EQUIV.,SUPERIORES;13;
5;IBAIONDO;511;MIRIBILLA;41;FP 2 O SUPER.,MAESTRIA INDUSTRIAL;607;
5;IBAIONDO;511;MIRIBILLA;42;BACH. SUP.,BUP,LOGSE,COU;1053;
5;IBAIONDO;511;MIRIBILLA;43;OTROS TITULOS MEDIOS;63;
5;IBAIONDO;511;MIRIBILLA;44;DIPLOMADO ESCUELAS UNIVERSITARIAS;496;
5;IBAIONDO;511;MIRIBILLA;45;ARQUITECTO O INGENIERO TECNICO;102;
5;IBAIONDO;511;MIRIBILLA;46;LICEN.UNIV.,ARQUIT.O ING.SUPER;1020;
5;IBAIONDO;511;MIRIBILLA;47;EST.SUPER.NO UNIVERSITARIOS;30;
5;IBAIONDO;511;MIRIBILLA;48;DOCTORADO,POSTGRADO,ESPECIALIZACION;113;
5;IBAIONDO;511;MIRIBILLA;99;DESCONOCIDO;7;
5;IBAIONDO;704;LARRASKITU;41;FP 2 O SUPER.,MAESTRIA INDUSTRIAL;1;
6;ABANDO;201;CASTA헲S;46;LICEN.UNIV.,ARQUIT.O ING.SUPER;1;
6;ABANDO;506;BILBAO LA VIEJA;0;NO APLICABLE (MENOR 10 A헲S);1;
6;ABANDO;601;ABANDO;0;NO APLICABLE (MENOR 10 A헲S);3405;
6;ABANDO;601;ABANDO;11;NO SABE LEER NI ESCRIBIR;26;
6;ABANDO;601;ABANDO;20;INFERIOR A GRAD. ESCOLAR;35;
6;ABANDO;601;ABANDO;21;SIN ESTUDIOS;327;
6;ABANDO;601;ABANDO;22;EPO/EGB INCOMPL.,CDO.ESCOLARIDAD;211;
6;ABANDO;601;ABANDO;30;GRADUADO ESCOLAR O EQUIVALENTE;96;
6;ABANDO;601;ABANDO;31;B.ELEM.,GRAD.ESC.,EGB,ESO;4885;
6;ABANDO;601;ABANDO;32;FP 1 O MEDIO,OFIC.INDUSTRIAL;665;
6;ABANDO;601;ABANDO;40;BACH.,FP 2,EQUIV.,SUPERIORES;83;
6;ABANDO;601;ABANDO;41;FP 2 O SUPER.,MAESTRIA INDUSTRIAL;793;
6;ABANDO;601;ABANDO;42;BACH. SUP.,BUP,LOGSE,COU;3551;
6;ABANDO;601;ABANDO;43;OTROS TITULOS MEDIOS;273;
6;ABANDO;601;ABANDO;44;DIPLOMADO ESCUELAS UNIVERSITARIAS;1894;
6;ABANDO;601;ABANDO;45;ARQUITECTO O INGENIERO TECNICO;402;
6;ABANDO;601;ABANDO;46;LICEN.UNIV.,ARQUIT.O ING.SUPER;6352;
6;ABANDO;601;ABANDO;47;EST.SUPER.NO UNIVERSITARIOS;286;
6;ABANDO;601;ABANDO;48;DOCTORADO,POSTGRADO,ESPECIALIZACION;739;
6;ABANDO;601;ABANDO;99;DESCONOCIDO;46;
6;ABANDO;602;INDAUTXU;0;NO APLICABLE (MENOR 10 A헲S);3721;
6;ABANDO;602;INDAUTXU;11;NO SABE LEER NI ESCRIBIR;26;
6;ABANDO;602;INDAUTXU;20;INFERIOR A GRAD. ESCOLAR;29;
6;ABANDO;602;INDAUTXU;21;SIN ESTUDIOS;382;
6;ABANDO;602;INDAUTXU;22;EPO/EGB INCOMPL.,CDO.ESCOLARIDAD;199;
6;ABANDO;602;INDAUTXU;30;GRADUADO ESCOLAR O EQUIVALENTE;115;
6;ABANDO;602;INDAUTXU;31;B.ELEM.,GRAD.ESC.,EGB,ESO;5791;
6;ABANDO;602;INDAUTXU;32;FP 1 O MEDIO,OFIC.INDUSTRIAL;805;
6;ABANDO;602;INDAUTXU;40;BACH.,FP 2,EQUIV.,SUPERIORES;88;
6;ABANDO;602;INDAUTXU;41;FP 2 O SUPER.,MAESTRIA INDUSTRIAL;860;
6;ABANDO;602;INDAUTXU;42;BACH. SUP.,BUP,LOGSE,COU;4329;
6;ABANDO;602;INDAUTXU;43;OTROS TITULOS MEDIOS;380;
6;ABANDO;602;INDAUTXU;44;DIPLOMADO ESCUELAS UNIVERSITARIAS;2500;
6;ABANDO;602;INDAUTXU;45;ARQUITECTO O INGENIERO TECNICO;422;
6;ABANDO;602;INDAUTXU;46;LICEN.UNIV.,ARQUIT.O ING.SUPER;6835;
6;ABANDO;602;INDAUTXU;47;EST.SUPER.NO UNIVERSITARIOS;329;
6;ABANDO;602;INDAUTXU;48;DOCTORADO,POSTGRADO,ESPECIALIZACION;821;
6;ABANDO;602;INDAUTXU;99;DESCONOCIDO;44;
7;ERREKALDE;505;LA PE헤;21;SIN ESTUDIOS;1;
7;ERREKALDE;701;AMETZOLA;0;NO APLICABLE (MENOR 10 A헲S);1578;
7;ERREKALDE;701;AMETZOLA;11;NO SABE LEER NI ESCRIBIR;21;
7;ERREKALDE;701;AMETZOLA;20;INFERIOR A GRAD. ESCOLAR;28;
7;ERREKALDE;701;AMETZOLA;21;SIN ESTUDIOS;247;
7;ERREKALDE;701;AMETZOLA;22;EPO/EGB INCOMPL.,CDO.ESCOLARIDAD;168;
7;ERREKALDE;701;AMETZOLA;30;GRADUADO ESCOLAR O EQUIVALENTE;100;
7;ERREKALDE;701;AMETZOLA;31;B.ELEM.,GRAD.ESC.,EGB,ESO;4045;
7;ERREKALDE;701;AMETZOLA;32;FP 1 O MEDIO,OFIC.INDUSTRIAL;493;
7;ERREKALDE;701;AMETZOLA;40;BACH.,FP 2,EQUIV.,SUPERIORES;97;
7;ERREKALDE;701;AMETZOLA;41;FP 2 O SUPER.,MAESTRIA INDUSTRIAL;536;
7;ERREKALDE;701;AMETZOLA;42;BACH. SUP.,BUP,LOGSE,COU;1727;
7;ERREKALDE;701;AMETZOLA;43;OTROS TITULOS MEDIOS;115;
7;ERREKALDE;701;AMETZOLA;44;DIPLOMADO ESCUELAS UNIVERSITARIAS;880;
7;ERREKALDE;701;AMETZOLA;45;ARQUITECTO O INGENIERO TECNICO;241;
7;ERREKALDE;701;AMETZOLA;46;LICEN.UNIV.,ARQUIT.O ING.SUPER;1792;
7;ERREKALDE;701;AMETZOLA;47;EST.SUPER.NO UNIVERSITARIOS;82;
7;ERREKALDE;701;AMETZOLA;48;DOCTORADO,POSTGRADO,ESPECIALIZACION;189;
7;ERREKALDE;701;AMETZOLA;99;DESCONOCIDO;46;
7;ERREKALDE;702;IRALABARRI;0;NO APLICABLE (MENOR 10 A헲S);1732;
7;ERREKALDE;702;IRALABARRI;11;NO SABE LEER NI ESCRIBIR;33;
7;ERREKALDE;702;IRALABARRI;20;INFERIOR A GRAD. ESCOLAR;50;
7;ERREKALDE;702;IRALABARRI;21;SIN ESTUDIOS;353;
7;ERREKALDE;702;IRALABARRI;22;EPO/EGB INCOMPL.,CDO.ESCOLARIDAD;178;
7;ERREKALDE;702;IRALABARRI;30;GRADUADO ESCOLAR O EQUIVALENTE;92;
7;ERREKALDE;702;IRALABARRI;31;B.ELEM.,GRAD.ESC.,EGB,ESO;4414;
7;ERREKALDE;702;IRALABARRI;32;FP 1 O MEDIO,OFIC.INDUSTRIAL;606;
7;ERREKALDE;702;IRALABARRI;40;BACH.,FP 2,EQUIV.,SUPERIORES;77;
7;ERREKALDE;702;IRALABARRI;41;FP 2 O SUPER.,MAESTRIA INDUSTRIAL;615;
7;ERREKALDE;702;IRALABARRI;42;BACH. SUP.,BUP,LOGSE,COU;1506;
7;ERREKALDE;702;IRALABARRI;43;OTROS TITULOS MEDIOS;102;
7;ERREKALDE;702;IRALABARRI;44;DIPLOMADO ESCUELAS UNIVERSITARIAS;613;
7;ERREKALDE;702;IRALABARRI;45;ARQUITECTO O INGENIERO TECNICO;147;
7;ERREKALDE;702;IRALABARRI;46;LICEN.UNIV.,ARQUIT.O ING.SUPER;1215;
7;ERREKALDE;702;IRALABARRI;47;EST.SUPER.NO UNIVERSITARIOS;71;
7;ERREKALDE;702;IRALABARRI;48;DOCTORADO,POSTGRADO,ESPECIALIZACION;122;
7;ERREKALDE;702;IRALABARRI;99;DESCONOCIDO;56;
7;ERREKALDE;703;ERREKALDEBERRI;0;NO APLICABLE (MENOR 10 A헲S);2400;
7;ERREKALDE;703;ERREKALDEBERRI;11;NO SABE LEER NI ESCRIBIR;88;
7;ERREKALDE;703;ERREKALDEBERRI;20;INFERIOR A GRAD. ESCOLAR;70;
7;ERREKALDE;703;ERREKALDEBERRI;21;SIN ESTUDIOS;699;
7;ERREKALDE;703;ERREKALDEBERRI;22;EPO/EGB INCOMPL.,CDO.ESCOLARIDAD;267;
7;ERREKALDE;703;ERREKALDEBERRI;30;GRADUADO ESCOLAR O EQUIVALENTE;100;
7;ERREKALDE;703;ERREKALDEBERRI;31;B.ELEM.,GRAD.ESC.,EGB,ESO;6946;
7;ERREKALDE;703;ERREKALDEBERRI;32;FP 1 O MEDIO,OFIC.INDUSTRIAL;928;
7;ERREKALDE;703;ERREKALDEBERRI;40;BACH.,FP 2,EQUIV.,SUPERIORES;85;
7;ERREKALDE;703;ERREKALDEBERRI;41;FP 2 O SUPER.,MAESTRIA INDUSTRIAL;812;
7;ERREKALDE;703;ERREKALDEBERRI;42;BACH. SUP.,BUP,LOGSE,COU;1659;
7;ERREKALDE;703;ERREKALDEBERRI;43;OTROS TITULOS MEDIOS;102;
7;ERREKALDE;703;ERREKALDEBERRI;44;DIPLOMADO ESCUELAS UNIVERSITARIAS;633;
7;ERREKALDE;703;ERREKALDEBERRI;45;ARQUITECTO O INGENIERO TECNICO;113;
7;ERREKALDE;703;ERREKALDEBERRI;46;LICEN.UNIV.,ARQUIT.O ING.SUPER;1004;
7;ERREKALDE;703;ERREKALDEBERRI;47;EST.SUPER.NO UNIVERSITARIOS;30;
7;ERREKALDE;703;ERREKALDEBERRI;48;DOCTORADO,POSTGRADO,ESPECIALIZACION;88;
7;ERREKALDE;703;ERREKALDEBERRI;99;DESCONOCIDO;131;
7;ERREKALDE;704;LARRASKITU;0;NO APLICABLE (MENOR 10 A헲S);384;
7;ERREKALDE;704;LARRASKITU;11;NO SABE LEER NI ESCRIBIR;11;
7;ERREKALDE;704;LARRASKITU;20;INFERIOR A GRAD. ESCOLAR;7;
7;ERREKALDE;704;LARRASKITU;21;SIN ESTUDIOS;88;
7;ERREKALDE;704;LARRASKITU;22;EPO/EGB INCOMPL.,CDO.ESCOLARIDAD;39;
7;ERREKALDE;704;LARRASKITU;30;GRADUADO ESCOLAR O EQUIVALENTE;13;
7;ERREKALDE;704;LARRASKITU;31;B.ELEM.,GRAD.ESC.,EGB,ESO;1313;
7;ERREKALDE;704;LARRASKITU;32;FP 1 O MEDIO,OFIC.INDUSTRIAL;145;
7;ERREKALDE;704;LARRASKITU;40;BACH.,FP 2,EQUIV.,SUPERIORES;15;
7;ERREKALDE;704;LARRASKITU;41;FP 2 O SUPER.,MAESTRIA INDUSTRIAL;169;
7;ERREKALDE;704;LARRASKITU;42;BACH. SUP.,BUP,LOGSE,COU;303;
7;ERREKALDE;704;LARRASKITU;43;OTROS TITULOS MEDIOS;25;
7;ERREKALDE;704;LARRASKITU;44;DIPLOMADO ESCUELAS UNIVERSITARIAS;107;
7;ERREKALDE;704;LARRASKITU;45;ARQUITECTO O INGENIERO TECNICO;14;
7;ERREKALDE;704;LARRASKITU;46;LICEN.UNIV.,ARQUIT.O ING.SUPER;120;
7;ERREKALDE;704;LARRASKITU;47;EST.SUPER.NO UNIVERSITARIOS;2;
7;ERREKALDE;704;LARRASKITU;48;DOCTORADO,POSTGRADO,ESPECIALIZACION;16;
7;ERREKALDE;704;LARRASKITU;99;DESCONOCIDO;16;
7;ERREKALDE;705;URETAMENDI;0;NO APLICABLE (MENOR 10 A헲S);376;
7;ERREKALDE;705;URETAMENDI;11;NO SABE LEER NI ESCRIBIR;40;
7;ERREKALDE;705;URETAMENDI;20;INFERIOR A GRAD. ESCOLAR;13;
7;ERREKALDE;705;URETAMENDI;21;SIN ESTUDIOS;246;
7;ERREKALDE;705;URETAMENDI;22;EPO/EGB INCOMPL.,CDO.ESCOLARIDAD;69;
7;ERREKALDE;705;URETAMENDI;30;GRADUADO ESCOLAR O EQUIVALENTE;11;
7;ERREKALDE;705;URETAMENDI;31;B.ELEM.,GRAD.ESC.,EGB,ESO;1339;
7;ERREKALDE;705;URETAMENDI;32;FP 1 O MEDIO,OFIC.INDUSTRIAL;126;
7;ERREKALDE;705;URETAMENDI;40;BACH.,FP 2,EQUIV.,SUPERIORES;14;
7;ERREKALDE;705;URETAMENDI;41;FP 2 O SUPER.,MAESTRIA INDUSTRIAL;94;
7;ERREKALDE;705;URETAMENDI;42;BACH. SUP.,BUP,LOGSE,COU;147;
7;ERREKALDE;705;URETAMENDI;43;OTROS TITULOS MEDIOS;16;
7;ERREKALDE;705;URETAMENDI;44;DIPLOMADO ESCUELAS UNIVERSITARIAS;38;
7;ERREKALDE;705;URETAMENDI;45;ARQUITECTO O INGENIERO TECNICO;3;
7;ERREKALDE;705;URETAMENDI;46;LICEN.UNIV.,ARQUIT.O ING.SUPER;62;
7;ERREKALDE;705;URETAMENDI;47;EST.SUPER.NO UNIVERSITARIOS;3;
7;ERREKALDE;705;URETAMENDI;48;DOCTORADO,POSTGRADO,ESPECIALIZACION;4;
7;ERREKALDE;705;URETAMENDI;99;DESCONOCIDO;13;
7;ERREKALDE;706;ITURRIGORRI-PE헤SCAL;0;NO APLICABLE (MENOR 10 A헲S);352;
7;ERREKALDE;706;ITURRIGORRI-PE헤SCAL;11;NO SABE LEER NI ESCRIBIR;51;
7;ERREKALDE;706;ITURRIGORRI-PE헤SCAL;20;INFERIOR A GRAD. ESCOLAR;15;
7;ERREKALDE;706;ITURRIGORRI-PE헤SCAL;21;SIN ESTUDIOS;235;
7;ERREKALDE;706;ITURRIGORRI-PE헤SCAL;22;EPO/EGB INCOMPL.,CDO.ESCOLARIDAD;64;
7;ERREKALDE;706;ITURRIGORRI-PE헤SCAL;30;GRADUADO ESCOLAR O EQUIVALENTE;22;
7;ERREKALDE;706;ITURRIGORRI-PE헤SCAL;31;B.ELEM.,GRAD.ESC.,EGB,ESO;862;
7;ERREKALDE;706;ITURRIGORRI-PE헤SCAL;32;FP 1 O MEDIO,OFIC.INDUSTRIAL;98;
7;ERREKALDE;706;ITURRIGORRI-PE헤SCAL;40;BACH.,FP 2,EQUIV.,SUPERIORES;14;
7;ERREKALDE;706;ITURRIGORRI-PE헤SCAL;41;FP 2 O SUPER.,MAESTRIA INDUSTRIAL;59;
7;ERREKALDE;706;ITURRIGORRI-PE헤SCAL;42;BACH. SUP.,BUP,LOGSE,COU;115;
7;ERREKALDE;706;ITURRIGORRI-PE헤SCAL;43;OTROS TITULOS MEDIOS;12;
7;ERREKALDE;706;ITURRIGORRI-PE헤SCAL;44;DIPLOMADO ESCUELAS UNIVERSITARIAS;16;
7;ERREKALDE;706;ITURRIGORRI-PE헤SCAL;45;ARQUITECTO O INGENIERO TECNICO;3;
7;ERREKALDE;706;ITURRIGORRI-PE헤SCAL;46;LICEN.UNIV.,ARQUIT.O ING.SUPER;36;
7;ERREKALDE;706;ITURRIGORRI-PE헤SCAL;48;DOCTORADO,POSTGRADO,ESPECIALIZACION;2;
7;ERREKALDE;706;ITURRIGORRI-PE헤SCAL;99;DESCONOCIDO;26;
7;ERREKALDE;707;DISEMINADO;0;NO APLICABLE (MENOR 10 A헲S);12;
7;ERREKALDE;707;DISEMINADO;21;SIN ESTUDIOS;1;
7;ERREKALDE;707;DISEMINADO;22;EPO/EGB INCOMPL.,CDO.ESCOLARIDAD;1;
7;ERREKALDE;707;DISEMINADO;30;GRADUADO ESCOLAR O EQUIVALENTE;1;
7;ERREKALDE;707;DISEMINADO;31;B.ELEM.,GRAD.ESC.,EGB,ESO;35;
7;ERREKALDE;707;DISEMINADO;32;FP 1 O MEDIO,OFIC.INDUSTRIAL;6;
7;ERREKALDE;707;DISEMINADO;41;FP 2 O SUPER.,MAESTRIA INDUSTRIAL;2;
7;ERREKALDE;707;DISEMINADO;42;BACH. SUP.,BUP,LOGSE,COU;3;
7;ERREKALDE;707;DISEMINADO;44;DIPLOMADO ESCUELAS UNIVERSITARIAS;2;
7;ERREKALDE;707;DISEMINADO;46;LICEN.UNIV.,ARQUIT.O ING.SUPER;6;
7;ERREKALDE;801;BASURTU;21;SIN ESTUDIOS;1;
7;ERREKALDE;801;BASURTU;31;B.ELEM.,GRAD.ESC.,EGB,ESO;1;
8;BASURTU-ZORROTZA;511;MIRIBILLA;31;B.ELEM.,GRAD.ESC.,EGB,ESO;1;
8;BASURTU-ZORROTZA;801;BASURTU;0;NO APLICABLE (MENOR 10 A헲S);1473;
8;BASURTU-ZORROTZA;801;BASURTU;11;NO SABE LEER NI ESCRIBIR;20;
8;BASURTU-ZORROTZA;801;BASURTU;20;INFERIOR A GRAD. ESCOLAR;21;
8;BASURTU-ZORROTZA;801;BASURTU;21;SIN ESTUDIOS;329;
8;BASURTU-ZORROTZA;801;BASURTU;22;EPO/EGB INCOMPL.,CDO.ESCOLARIDAD;180;
8;BASURTU-ZORROTZA;801;BASURTU;30;GRADUADO ESCOLAR O EQUIVALENTE;91;
8;BASURTU-ZORROTZA;801;BASURTU;31;B.ELEM.,GRAD.ESC.,EGB,ESO;4474;
8;BASURTU-ZORROTZA;801;BASURTU;32;FP 1 O MEDIO,OFIC.INDUSTRIAL;678;
8;BASURTU-ZORROTZA;801;BASURTU;40;BACH.,FP 2,EQUIV.,SUPERIORES;63;
8;BASURTU-ZORROTZA;801;BASURTU;41;FP 2 O SUPER.,MAESTRIA INDUSTRIAL;663;
8;BASURTU-ZORROTZA;801;BASURTU;42;BACH. SUP.,BUP,LOGSE,COU;1919;
8;BASURTU-ZORROTZA;801;BASURTU;43;OTROS TITULOS MEDIOS;158;
8;BASURTU-ZORROTZA;801;BASURTU;44;DIPLOMADO ESCUELAS UNIVERSITARIAS;866;
8;BASURTU-ZORROTZA;801;BASURTU;45;ARQUITECTO O INGENIERO TECNICO;256;
8;BASURTU-ZORROTZA;801;BASURTU;46;LICEN.UNIV.,ARQUIT.O ING.SUPER;1972;
8;BASURTU-ZORROTZA;801;BASURTU;47;EST.SUPER.NO UNIVERSITARIOS;94;
8;BASURTU-ZORROTZA;801;BASURTU;48;DOCTORADO,POSTGRADO,ESPECIALIZACION;249;
8;BASURTU-ZORROTZA;801;BASURTU;99;DESCONOCIDO;21;
8;BASURTU-ZORROTZA;802;OLABEAGA;0;NO APLICABLE (MENOR 10 A헲S);160;
8;BASURTU-ZORROTZA;802;OLABEAGA;11;NO SABE LEER NI ESCRIBIR;6;
8;BASURTU-ZORROTZA;802;OLABEAGA;20;INFERIOR A GRAD. ESCOLAR;1;
8;BASURTU-ZORROTZA;802;OLABEAGA;21;SIN ESTUDIOS;32;
8;BASURTU-ZORROTZA;802;OLABEAGA;22;EPO/EGB INCOMPL.,CDO.ESCOLARIDAD;19;
8;BASURTU-ZORROTZA;802;OLABEAGA;30;GRADUADO ESCOLAR O EQUIVALENTE;6;
8;BASURTU-ZORROTZA;802;OLABEAGA;31;B.ELEM.,GRAD.ESC.,EGB,ESO;494;
8;BASURTU-ZORROTZA;802;OLABEAGA;32;FP 1 O MEDIO,OFIC.INDUSTRIAL;98;
8;BASURTU-ZORROTZA;802;OLABEAGA;40;BACH.,FP 2,EQUIV.,SUPERIORES;3;
8;BASURTU-ZORROTZA;802;OLABEAGA;41;FP 2 O SUPER.,MAESTRIA INDUSTRIAL;79;
8;BASURTU-ZORROTZA;802;OLABEAGA;42;BACH. SUP.,BUP,LOGSE,COU;144;
8;BASURTU-ZORROTZA;802;OLABEAGA;43;OTROS TITULOS MEDIOS;11;
8;BASURTU-ZORROTZA;802;OLABEAGA;44;DIPLOMADO ESCUELAS UNIVERSITARIAS;47;
8;BASURTU-ZORROTZA;802;OLABEAGA;45;ARQUITECTO O INGENIERO TECNICO;12;
8;BASURTU-ZORROTZA;802;OLABEAGA;46;LICEN.UNIV.,ARQUIT.O ING.SUPER;102;
8;BASURTU-ZORROTZA;802;OLABEAGA;47;EST.SUPER.NO UNIVERSITARIOS;7;
8;BASURTU-ZORROTZA;802;OLABEAGA;48;DOCTORADO,POSTGRADO,ESPECIALIZACION;17;
8;BASURTU-ZORROTZA;802;OLABEAGA;99;DESCONOCIDO;2;
8;BASURTU-ZORROTZA;803;MASUSTEGI-MONTE CARAMELO;0;NO APLICABLE (MENOR 10 A헲S);716;
8;BASURTU-ZORROTZA;803;MASUSTEGI-MONTE CARAMELO;11;NO SABE LEER NI ESCRIBIR;32;
8;BASURTU-ZORROTZA;803;MASUSTEGI-MONTE CARAMELO;20;INFERIOR A GRAD. ESCOLAR;10;
8;BASURTU-ZORROTZA;803;MASUSTEGI-MONTE CARAMELO;21;SIN ESTUDIOS;248;
8;BASURTU-ZORROTZA;803;MASUSTEGI-MONTE CARAMELO;22;EPO/EGB INCOMPL.,CDO.ESCOLARIDAD;92;
8;BASURTU-ZORROTZA;803;MASUSTEGI-MONTE CARAMELO;30;GRADUADO ESCOLAR O EQUIVALENTE;18;
8;BASURTU-ZORROTZA;803;MASUSTEGI-MONTE CARAMELO;31;B.ELEM.,GRAD.ESC.,EGB,ESO;1391;
8;BASURTU-ZORROTZA;803;MASUSTEGI-MONTE CARAMELO;32;FP 1 O MEDIO,OFIC.INDUSTRIAL;250;
8;BASURTU-ZORROTZA;803;MASUSTEGI-MONTE CARAMELO;40;BACH.,FP 2,EQUIV.,SUPERIORES;11;
8;BASURTU-ZORROTZA;803;MASUSTEGI-MONTE CARAMELO;41;FP 2 O SUPER.,MAESTRIA INDUSTRIAL;260;
8;BASURTU-ZORROTZA;803;MASUSTEGI-MONTE CARAMELO;42;BACH. SUP.,BUP,LOGSE,COU;484;
8;BASURTU-ZORROTZA;803;MASUSTEGI-MONTE CARAMELO;43;OTROS TITULOS MEDIOS;19;
8;BASURTU-ZORROTZA;803;MASUSTEGI-MONTE CARAMELO;44;DIPLOMADO ESCUELAS UNIVERSITARIAS;155;
8;BASURTU-ZORROTZA;803;MASUSTEGI-MONTE CARAMELO;45;ARQUITECTO O INGENIERO TECNICO;56;
8;BASURTU-ZORROTZA;803;MASUSTEGI-MONTE CARAMELO;46;LICEN.UNIV.,ARQUIT.O ING.SUPER;322;
8;BASURTU-ZORROTZA;803;MASUSTEGI-MONTE CARAMELO;47;EST.SUPER.NO UNIVERSITARIOS;13;
8;BASURTU-ZORROTZA;803;MASUSTEGI-MONTE CARAMELO;48;DOCTORADO,POSTGRADO,ESPECIALIZACION;42;
8;BASURTU-ZORROTZA;803;MASUSTEGI-MONTE CARAMELO;99;DESCONOCIDO;6;
8;BASURTU-ZORROTZA;804;ALTAMIRA;0;NO APLICABLE (MENOR 10 A헲S);231;
8;BASURTU-ZORROTZA;804;ALTAMIRA;11;NO SABE LEER NI ESCRIBIR;6;
8;BASURTU-ZORROTZA;804;ALTAMIRA;20;INFERIOR A GRAD. ESCOLAR;3;
8;BASURTU-ZORROTZA;804;ALTAMIRA;21;SIN ESTUDIOS;77;
8;BASURTU-ZORROTZA;804;ALTAMIRA;22;EPO/EGB INCOMPL.,CDO.ESCOLARIDAD;42;
8;BASURTU-ZORROTZA;804;ALTAMIRA;30;GRADUADO ESCOLAR O EQUIVALENTE;19;
8;BASURTU-ZORROTZA;804;ALTAMIRA;31;B.ELEM.,GRAD.ESC.,EGB,ESO;868;
8;BASURTU-ZORROTZA;804;ALTAMIRA;32;FP 1 O MEDIO,OFIC.INDUSTRIAL;116;
8;BASURTU-ZORROTZA;804;ALTAMIRA;40;BACH.,FP 2,EQUIV.,SUPERIORES;8;
8;BASURTU-ZORROTZA;804;ALTAMIRA;41;FP 2 O SUPER.,MAESTRIA INDUSTRIAL;90;
8;BASURTU-ZORROTZA;804;ALTAMIRA;42;BACH. SUP.,BUP,LOGSE,COU;145;
8;BASURTU-ZORROTZA;804;ALTAMIRA;43;OTROS TITULOS MEDIOS;14;
8;BASURTU-ZORROTZA;804;ALTAMIRA;44;DIPLOMADO ESCUELAS UNIVERSITARIAS;36;
8;BASURTU-ZORROTZA;804;ALTAMIRA;45;ARQUITECTO O INGENIERO TECNICO;7;
8;BASURTU-ZORROTZA;804;ALTAMIRA;46;LICEN.UNIV.,ARQUIT.O ING.SUPER;51;
8;BASURTU-ZORROTZA;804;ALTAMIRA;47;EST.SUPER.NO UNIVERSITARIOS;5;
8;BASURTU-ZORROTZA;804;ALTAMIRA;48;DOCTORADO,POSTGRADO,ESPECIALIZACION;9;
8;BASURTU-ZORROTZA;804;ALTAMIRA;99;DESCONOCIDO;2;
8;BASURTU-ZORROTZA;805;ZORROTZA;0;NO APLICABLE (MENOR 10 A헲S);1697;
8;BASURTU-ZORROTZA;805;ZORROTZA;11;NO SABE LEER NI ESCRIBIR;56;
8;BASURTU-ZORROTZA;805;ZORROTZA;20;INFERIOR A GRAD. ESCOLAR;9;
8;BASURTU-ZORROTZA;805;ZORROTZA;21;SIN ESTUDIOS;666;
8;BASURTU-ZORROTZA;805;ZORROTZA;22;EPO/EGB INCOMPL.,CDO.ESCOLARIDAD;286;
8;BASURTU-ZORROTZA;805;ZORROTZA;30;GRADUADO ESCOLAR O EQUIVALENTE;37;
8;BASURTU-ZORROTZA;805;ZORROTZA;31;B.ELEM.,GRAD.ESC.,EGB,ESO;4927;
8;BASURTU-ZORROTZA;805;ZORROTZA;32;FP 1 O MEDIO,OFIC.INDUSTRIAL;871;
8;BASURTU-ZORROTZA;805;ZORROTZA;40;BACH.,FP 2,EQUIV.,SUPERIORES;15;
8;BASURTU-ZORROTZA;805;ZORROTZA;41;FP 2 O SUPER.,MAESTRIA INDUSTRIAL;726;
8;BASURTU-ZORROTZA;805;ZORROTZA;42;BACH. SUP.,BUP,LOGSE,COU;1009;
8;BASURTU-ZORROTZA;805;ZORROTZA;43;OTROS TITULOS MEDIOS;58;
8;BASURTU-ZORROTZA;805;ZORROTZA;44;DIPLOMADO ESCUELAS UNIVERSITARIAS;304;
8;BASURTU-ZORROTZA;805;ZORROTZA;45;ARQUITECTO O INGENIERO TECNICO;65;
8;BASURTU-ZORROTZA;805;ZORROTZA;46;LICEN.UNIV.,ARQUIT.O ING.SUPER;419;
8;BASURTU-ZORROTZA;805;ZORROTZA;47;EST.SUPER.NO UNIVERSITARIOS;16;
8;BASURTU-ZORROTZA;805;ZORROTZA;48;DOCTORADO,POSTGRADO,ESPECIALIZACION;33;
8;BASURTU-ZORROTZA;805;ZORROTZA;99;DESCONOCIDO;152;
8;BASURTU-ZORROTZA;806;DISEMINADO;0;NO APLICABLE (MENOR 10 A헲S);31;
8;BASURTU-ZORROTZA;806;DISEMINADO;11;NO SABE LEER NI ESCRIBIR;3;
8;BASURTU-ZORROTZA;806;DISEMINADO;21;SIN ESTUDIOS;21;
8;BASURTU-ZORROTZA;806;DISEMINADO;22;EPO/EGB INCOMPL.,CDO.ESCOLARIDAD;6;
8;BASURTU-ZORROTZA;806;DISEMINADO;30;GRADUADO ESCOLAR O EQUIVALENTE;1;
8;BASURTU-ZORROTZA;806;DISEMINADO;31;B.ELEM.,GRAD.ESC.,EGB,ESO;102;
8;BASURTU-ZORROTZA;806;DISEMINADO;32;FP 1 O MEDIO,OFIC.INDUSTRIAL;14;
8;BASURTU-ZORROTZA;806;DISEMINADO;41;FP 2 O SUPER.,MAESTRIA INDUSTRIAL;7;
8;BASURTU-ZORROTZA;806;DISEMINADO;42;BACH. SUP.,BUP,LOGSE,COU;19;
8;BASURTU-ZORROTZA;806;DISEMINADO;44;DIPLOMADO ESCUELAS UNIVERSITARIAS;7;
8;BASURTU-ZORROTZA;806;DISEMINADO;46;LICEN.UNIV.,ARQUIT.O ING.SUPER;5;
8;BASURTU-ZORROTZA;806;DISEMINADO;48;DOCTORADO,POSTGRADO,ESPECIALIZACION;1;
8;BASURTU-ZORROTZA;806;DISEMINADO;99;DESCONOCIDO;6;
